,PRVDR_CTGRY_SBTYP_CD,PRVDR_CTGRY_CD,CHOW_CNT,CHOW_DT,CITY_NAME,ACPTBL_POC_SW,CMPLNC_STUS_CD,SSA_CNTY_CD,CROSS_REF_PROVIDER_NUMBER,CRTFCTN_DT,ELGBLTY_SW,FAC_NAME,INTRMDRY_CARR_CD,MDCD_VNDR_NUM,ORGNL_PRTCPTN_DT,CHOW_PRIOR_DT,INTRMDRY_CARR_PRIOR_CD,PRVDR_NUM,RGN_CD,SKLTN_REC_SW,STATE_CD,SSA_STATE_CD,STATE_RGN_CD,ST_ADR,PHNE_NUM,PGM_TRMNTN_CD,TRMNTN_EXPRTN_DT,CRTFCTN_ACTN_TYPE_CD,GNRL_CNTL_TYPE_CD,ZIP_CD,FIPS_STATE_CD,FIPS_CNTY_CD,CBSA_URBN_RRL_IND,CBSA_CD,ACRDTN_EFCTV_DT,ACRDTN_EXPRTN_DT,ACRDTN_TYPE_CD,TOT_AFLTD_AMBLNC_SRVC_CNT,TOT_AFLTD_ASC_CNT,TOT_COLCTD_HOSP_CNT,TOT_AFLTD_ESRD_CNT,TOT_AFLTD_FQHC_CNT,TOT_AFLTD_HHA_CNT,TOT_AFLTD_HOSPC_CNT,TOT_AFLTD_OPO_CNT,TOT_AFLTD_PRTF_CNT,TOT_AFLTD_RHC_CNT,TOT_AFLTD_SNF_CNT,AFLTD_PRVDR_CNT,RSDNT_PGM_ALPTHC_SW,RSDNT_PGM_DNTL_SW,RSDNT_PGM_OSTPTHC_SW,RSDNT_PGM_OTHR_SW,RSDNT_PGM_PDTRC_SW,LAB_SRVC_CD,PHRMCY_SRVC_CD,RDLGY_SRVC_CD,ASC_BGN_SRVC_DT,FREESTNDNG_ASC_SW,OVRRD_BED_CNT_SW,CRTFD_BED_CNT,ICFIID_BED_CNT,MDCD_NF_BED_CNT,MDCR_SNF_BED_CNT,MDCR_MDCD_SNF_BED_CNT,AIDS_BED_CNT,ALZHMR_BED_CNT,DLYS_BED_CNT,DSBL_CHLDRN_BED_CNT,HEAD_TRMA_BED_CNT,HOSPC_BED_CNT,HNTGTN_DEASE_BED_CNT,REHAB_BED_CNT,VNTLTR_BED_CNT,BED_CNT,BRNCH_CNT,BRNCH_OPRTN_SW,CAH_PSYCH_DPU_SW,CAH_REHAB_DPU_SW,CAH_SB_SW,CRDC_CTHRTZTN_PRCDR_ROOMS_CNT,GNRL_FAC_TYPE_CD,CHOW_SW,CLIA_ID_NUMBER_1,CLIA_ID_NUMBER_2,CLIA_ID_NUMBER_3,CLIA_ID_NUMBER_4,CLIA_ID_NUMBER_5,COLCTN_STUS_SW,RN_24_HR_WVR_SW,RN_7_DAY_WVR_SW,BED_PER_ROOM_WVR_SW,LSC_WVR_SW,ROOM_SIZE_WVR_SW,ENDSCPY_PRCDR_ROOMS_CNT,ESRD_NTWRK_NUM,EXPRMT_RSRCH_CNDCTD_SW,FAX_PHNE_NUM,FY_END_MO_DAY_CD,FQHC_APPROVED_RHC_PROVIDER_NUM,FED_FUNDD_FQHC_SW,HHA_QLFYD_OPT_SPCH_SW,HH_AIDE_TRNG_PGM_CD,HOME_TRNG_SPRT_ONLY_SRVC_SW,MDCR_HOSPC_SW,HOSP_BSD_SW,INCNTR_NCTRNL_SRVC_SW,LTC_CROSS_REF_PROVIDER_NUMBER,MDCL_SCHL_AFLTN_CD,MEDICARE_HOSPICE_PROVIDER_NUM,MDCD_MDCR_PRTCPTG_PRVDR_SW,MEDICARE_MEDICAID_PRVDR_NUMBER,MLT_FAC_ORG_NAME,MLT_OWND_FAC_ORG_SW,NCRY_PRVDR_DSGNTD_DT,NCRY_PRVDR_DSGNTD_AS_SW,NCRY_PRVDR_LOST_DT,MEET_1861_SW,NPP_TYPE_CD,TOT_OFSITE_CNCR_HOSP_CNT,TOT_OFSITE_CHLDRN_HOSP_CNT,TOT_OFSITE_EMER_DEPT_CNT,TOT_OFSITE_INPTNT_LCTN_CNT,TOT_OFSITE_LTC_HOSP_CNT,TOT_OFSITE_OPTHLMC_SRGRY_CNT,TOT_OFSITE_OTHR_LCTN_CNT,TOT_OFSITE_PSYCH_HOSP_CNT,TOT_OFSITE_PSYCH_UNIT_CNT,TOT_OFSITE_REHAB_HOSP_CNT,TOT_OFSITE_REHAB_UNIT_CNT,TOT_OFSITE_URGNT_CARE_CNTR_CNT,OFSITE_LCTN_CNT,OPRTG_ROOM_CNT,ORGNZ_FMLY_MBR_GRP_SW,ORGNZ_RSDNT_GRP_SW,PARENT_PROVIDER_NUMBER,FQHC_APRVD_RHC_SW,MDCR_PRTCPTN_OP_PT_SPCH_SW,PGM_PRTCPTN_CD,PRVDR_BSD_FAC_SW,PRVNC_CD,PSYCH_UNIT_BED_CNT,PSYCH_UNIT_EFCTV_DT,PSYCH_UNIT_SW,PSYCH_UNIT_TRMNTN_CD,PSYCH_UNIT_TRMNTN_DT,REHAB_UNIT_BED_CNT,REHAB_UNIT_EFCTV_DT,REHAB_UNIT_SW,REHAB_UNIT_TRMNTN_CD,REHAB_UNIT_TRMNTN_DT,RELATED_PROVIDER_NUMBER,ACUTE_RNL_DLYS_SRVC_CD,PSYCH_SRVC_CD,HH_AIDE_SRVC_CD,ALCHL_DRUG_SRVC_CD,ANSTHSA_SRVC_CD,APLNC_EQUIP_SRVC_CD,AUDLGY_SRVC_CD,BLOOD_SRVC_OFSITE_RSDNT_SW,BLOOD_SRVC_ONST_NRSDNT_SW,BLOOD_SRVC_ONST_RSDNT_SW,BURN_CARE_UNIT_SRVC_CD,CRDC_CTHRTZTN_LAB_SRVC_CD,OPEN_HRT_SRGRY_SRVC_CD,CARF_IP_REHAB_SRVC_CD,CHMTHRPY_SRVC_CD,CHRPRCTIC_SRVC_CD,CL_SRVC_OFSITE_RSDNT_SW,CL_SRVC_ONST_NRSDNT_SW,CL_SRVC_ONST_RSDNT_SW,CL_SRVC_CD,CRNRY_CARE_UNIT_SRVC_CD,CNSLNG_SRVC_CD,CT_SCAN_SRVC_CD,DNTL_SRVC_CD,DNTL_SRVC_OFSITE_RSDNT_SW,DNTL_SRVC_ONST_NRSDNT_SW,DNTL_SRVC_ONST_RSDNT_SW,SHCK_TRMA_SRVC_CD,DGNSTC_RDLGY_SRVC_CD,DTRY_SRVC_CD,DTRY_OFSITE_RSDNT_SW,DTRY_ONST_NRSDNT_SW,DTRY_ONST_RSDNT_SW,DCTD_ER_SRVC_CD,EMER_PSYCH_SRVC_CD,XTRCRPRL_SHCK_LTHTRPTR_SRVC_CD,FRNSC_PSYCH_SRVC_CD,GRTRC_PSYCH_SRVC_CD,GRNTLGCL_SPCLTY_SRVC_CD,SP_HOME_TRNG_SPRT_HD_SW,HMDLYS_SRVC_SW,HMMKR_SRVC_CD,HSEKPNG_SRVC_OFSITE_RSDNT_SW,HSEKPNG_SRVC_ONST_NRSDNT_SW,HSEKPNG_SRVC_ONST_RSDNT_SW,IP_SRGCL_SRVC_CD,INTRN_RSDNT_SRVC_CD,MDCL_SCL_SRVC_CD,MDCL_SUPLY_SRVC_CD,ICU_SRVC_CD,MDCR_TRNSPLNT_CNTR_SRVC_CD,MENTL_HLTH_OFSITE_RSDNT_SW,MENTL_HLTH_ONST_NRSDNT_SW,MENTL_HLTH_ONST_RSDNT_SW,MGNTC_RSNC_IMG_SRVC_CD,NEONTL_ICU_SRVC_CD,NEONTL_NRSRY_SRVC_CD,NRSRGCL_SRVC_CD,ORGN_TRNSPLNT_SRVC_CD,NUCLR_MDCN_SRVC_CD,NRSNG_SRVC_EMPLEE_SW,NRSNG_SRVC_CNTRCTR_SW,NRSNG_SRVC_ARNGMT_SW,NRSNG_SRVC_CD,NRSNG_SRVC_OFSITE_RSDNT_SW,NRSNG_SRVC_ONST_NRSDNT_SW,NRSNG_SRVC_ONST_RSDNT_SW,NTRTNL_GDNC_SRVC_CD,OB_SRVC_CD,OPTHLMC_SRGY_SRVC_CD,OPTMTRC_SRVC_CD,OPRTG_ROOM_SRVC_CD,ORTHPDC_SRGY_SRVC_CD,ORTHTC_PRSTHTC_EMPLEE_SW,ORTHTC_PRSTHTC_CNTRCTR_SW,ORTHTC_PRSTHTC_ARNGMT_SW,OT_EMPLEE_SW,OT_CNTRCTR_SW,OT_ARNGMT_SW,OT_SRVC_CD,OT_SRVC_OFSITE_RSDNT_SW,OT_SRVC_ONST_NRSDNT_SW,OT_SRVC_ONST_RSDNT_SW,OTHR_SRVC_CD,OP_SRVC_CD,OP_PSYCH_SRVC_CD,OP_REHAB_SRVC_CD,OP_SRGRY_UNIT_SRVC_CD,PED_SRVC_CD,PED_ICU_SRVC_CD,SP_HOME_TRNG_SPRT_PD_SW,PRTNL_DLYS_SRVC_SW,PET_SCAN_SRVC_CD,PHRMCY_SRVC_OFSITE_RSDNT_SW,PHRMCY_SRVC_ONST_NRSDNT_SW,PHRMCY_SRVC_ONST_RSDNT_SW,PHYSN_EMPLEE_SW,PHYSN_CNTRCTR_SW,PHYSN_ARNGMT_SW,PHYSN_SRVC_CD,PHYSN_EXT_SRVC_OFSITE_RSDNT_SW,PHYSN_EXT_SRVC_ONST_NRSDNT_SW,PHYSN_EXT_SRVC_ONST_RSDNT_SW,PHYSN_SRVC_OFSITE_RSDNT_SW,PHYSN_SRVC_ONST_NRSDNT_SW,PHYSN_SRVC_ONST_RSDNT_SW,PDTRY_SRVC_OFSITE_RSDNT_SW,PDTRY_SRVC_ONST_NRSDNT_SW,PDTRY_SRVC_ONST_RSDNT_SW,PSTOPRTV_RCVRY_SRVC_CD,CHLD_ADLSCNT_PSYCH_SRVC_CD,PSYCHLGCL_EMPLEE_SW,PSYCHLGCL_CNTRCTR_SW,PSYCHLGCL_ARNGMT_SW,PT_EMPLEE_SW,PT_CNTRCTR_SW,PT_ARNGMT_SW,PT_SRVC_CD,PT_OFSITE_RSDNT_SW,PT_ONST_NRSDNT_SW,PT_ONST_RSDNT_SW,RCNSTRCTN_SRGY_SRVC_CD,RSPRTRY_CARE_EMPLEE_SW,RSPRTRY_CARE_CNTRCTR_SW,RSPRTRY_CARE_ARNGMT_SW,RSPRTRY_CARE_SRVC_CD,SHRT_TERM_IP_SRVC_CD,SCL_EMPLEE_SW,SCL_CNTRCTR_SW,SCL_ARNGMT_SW,SCL_SRVC_CD,SCL_WORK_SRVC_OFSITE_RSDNT_SW,SCL_WORK_SRVC_ONST_NRSDNT_SW,SCL_WORK_SRVC_ONST_RSDNT_SW,SPCH_PTHLGY_EMPLEE_SW,SPCH_PTHLGY_CNTRCTR_SW,SPCH_PTHLGY_ARNGMT_SW,SPCH_PTHLGY_SRVC_CD,SPCH_PTHLGY_OFSITE_RSDNT_SW,SPCH_PTHLGY_ONST_NRSDNT_SW,SPCH_PTHLGY_ONST_RSDNT_SW,SPCH_THRPY_SRVC_CD,SRGCL_ICU_SRVC_CD,ACTVTY_OTHR_OFSITE_RSDNT_SW,ACTVTY_OTHR_ONST_NRSDNT_SW,ACTVTY_OTHR_ONST_RSDNT_SW,SCL_SRVC_OTHR_OFSITE_RSDNT_SW,SCL_SRVC_OTHR_ONST_NRSDNT_SW,SCL_SRVC_OTHR_ONST_RSDNT_SW,ACTVTY_OFSITE_RSDNT_SW,ACTVTY_ONST_NRSDNT_SW,ACTVTY_ONST_RSDNT_SW,THRPTC_RDLGY_SRVC_CD,THRPTC_RCRTNL_OFSITE_RSDNT_SW,THRPTC_RCRTNL_ONST_NRSDNT_SW,THRPTC_RCRTNL_ONST_RSDNT_SW,URGNT_CARE_SRVC_CD,VCTNL_GDNC_SRVC_CD,VCTNL_SRVC_OFSITE_RSDNT_SW,VCTNL_SRVC_ONST_NRSDNT_SW,VCTNL_SRVC_ONST_RSDNT_SW,DGNSTC_XRAY_OFSITE_RSDNT_SW,DGNSTC_XRAY_ONST_NRSDNT_SW,DGNSTC_XRAY_ONST_RSDNT_SW,ACUTE_RESP_CARE_CD,OVRRD_STFG_SW,PROFNL_ADMIN_CNTRCT_CNT,PROFNL_ADMIN_FLTM_CNT,PROFNL_ADMIN_PRTM_CNT,HH_AIDE_EMPLEE_CNT,HH_AIDE_VLNTR_CNT,PRSNEL_OTHR_CNT,NRS_AIDE_CNTRCT_CNT,NRS_AIDE_FLTM_CNT,NRS_AIDE_PRTM_CNT,CNSLR_EMPLEE_CNT,CNSLR_VLNTR_CNT,CRNA_CNT,DNTST_CNTRCT_CNT,DNTST_FLTM_CNT,DNTST_PRTM_CNT,DIETN_CNT,DIETN_CNTRCT_CNT,DIETN_FLTM_CNT,DIETN_PRTM_CNT,DRCT_CARE_PRSNEL_CNT,FOOD_SRVC_CNTRCT_CNT,FOOD_SRVC_FLTM_CNT,FOOD_SRVC_PRTM_CNT,HH_AIDE_CNT,HMMKR_EMPLEE_CNT,HMMKR_VLNTR_CNT,HSEKPNG_CNTRCT_CNT,HSEKPNG_FLTM_CNT,HSEKPNG_PRTM_CNT,LAB_TCHNCN_CNT,LPN_CNT,LPN_LVN_CNT,LPN_LVN_CNTRCT_CNT,LPN_LVN_FLTM_CNT,LPN_LVN_PRTM_CNT,LPN_LVN_VLNTR_CNT,MDCL_DRCTR_CNTRCT_CNT,MDCL_DRCTR_FLTM_CNT,MDCL_DRCTR_PRTM_CNT,MDCL_SCL_WORKR_CNT,MDCL_SCL_WORKR_VLNTR_CNT,MDCL_TCHNLGST_CNT,MDCTN_AIDE_CNTRCT_CNT,MDCTN_AIDE_FLTM_CNT,MDCTN_AIDE_PRTM_CNT,MENTL_HLTH_SRVC_CNTRCT_CNT,MENTL_HLTH_SRVC_FLTM_CNT,MENTL_HLTH_SRVC_PRTM_CNT,NUCLR_MDCN_TCHNCN_CNT,NAT_CNTRCT_CNT,NAT_FLTM_CNT,NAT_PRTM_CNT,NRS_PRCTNR_CNT,NRS_ADMINV_CNTRCT_CNT,NRS_ADMINV_FLTM_CNT,NRS_ADMINV_PRTM_CNT,OCPTNL_THRPST_CNT,OCPTNL_THRPST_CNTRCT_CNT,OCPTNL_THRPST_FLTM_CNT,OCPTNL_THRPST_PRTM_CNT,OT_AIDE_CNTRCT_CNT,OT_AIDE_FLTM_CNT,OT_AIDE_PRTM_CNT,OT_ASTNT_CNTRCT_CNT,OT_ASTNT_FLTM_CNT,OT_ASTNT_PRTM_CNT,VLNTR_OTHR_CNT,ACTVTY_STF_OTHR_CNTRCT_CNT,ACTVTY_STF_OTHR_FLTM_CNT,ACTVTY_STF_OTHR_PRTM_CNT,PHYSN_OTHR_CNTRCT_CNT,PHYSN_OTHR_FLTM_CNT,PHYSN_OTHR_PRTM_CNT,SCL_SRVC_OTHR_STF_CNTRCT_CNT,SCL_SRVC_OTHR_STF_FLTM_CNT,SCL_SRVC_OTHR_STF_PRTM_CNT,STF_OTHR_CNTRCT_CNT,STF_OTHR_FLTM_CNT,STF_OTHR_PRTM_CNT,PHRMCST_CNTRCT_CNT,PHRMCST_FLTM_CNT,PHRMCST_PRTM_CNT,PHYS_THRPST_CNTRCT_CNT,PHYS_THRPST_FLTM_CNT,PHYS_THRPST_PRTM_CNT,PHYSN_CNT,PHYSN_VLNTR_CNT,PHYSN_ASTNT_CNT,PHYSN_EXT_CNTRCT_CNT,PHYSN_EXT_FLTM_CNT,PHYSN_EXT_PRTM_CNT,RSDNT_PHYSN_CNT,PDTRST_CNTRCT_CNT,PDTRST_FLTM_CNT,PDTRST_PRTM_CNT,PSYCHLGST_CNT,PHYS_THRPST_STF_CNT,PHYS_THRPST_CNT,PHYS_THRPST_ARNGMT_CNT,PT_AIDE_CNTRCT_CNT,PT_AIDE_FLTM_CNT,PT_AIDE_PRTM_CNT,PT_ASTNT_CNTRCT_CNT,PT_ASTNT_FLTM_CNT,PT_ASTNT_PRTM_CNT,ACTVTY_PROFNL_CNTRCT_CNT,ACTVTY_PROFNL_FLTM_CNT,ACTVTY_PROFNL_PRTM_CNT,RDLGY_TCHNCN_CNT,REG_PHRMCST_CNT,INHLTN_THRPST_CNT,RN_CNT,RN_CNTRCT_CNT,RN_FLTM_CNT,RN_PRTM_CNT,RN_VLNTR_CNT,RN_DRCTR_CNTRCT_CNT,RN_DRCTR_FLTM_CNT,RN_DRCTR_PRTM_CNT,SCL_WORKR_CNT,SCL_WORKR_CNTRCT_CNT,SCL_WORKR_FLTM_CNT,SCL_WORKR_PRTM_CNT,SPCH_PTHLGST_ARNGMT_CNT,SPCH_PTHLGST_CNTRCT_CNT,SPCH_PTHLGST_FLTM_CNT,SPCH_PTHLGST_PRTM_CNT,SPCH_PTHLGST_CNT,SPCH_PTHLGST_AUDLGST_CNT,TCHNCL_STF_NUM,TCHNCN_CNT,THRPTC_RCRTNL_CNTRCT_CNT,THRPTC_RCRTNL_FLTM_CNT,THRPTC_RCRTNL_PRTM_CNT,EMPLEE_CNT,VLNTR_CNT,SBUNIT_CNT,SBUNIT_SW,SBUNIT_OPRTN_SW,DNTL_SRGRY_SW,OTLRYNGLGY_SRGRY_SW,ENDSCPY_SRGRY_SW,OB_GYN_SRGRY_SW,OPTHMLGY_SRGRY_SW,ORTHPDC_SRGRY_SW,OTHR_SRGRY_SW,PAIN_SRGRY_SW,PLSTC_SRGRY_SW,FT_SRGRY_SW,SB_SW,SB_SIZE_CD,TCHNLGST_2_YR_RDLGC_CNT,TCHNLGST_ASCT_DGR_CNT,TCHNLGST_BS_BA_DGR_CNT,DLYS_STN_CNT
0,1.0,1,2,,LEOMINSTER,N,A,170,220094,19930414,Y,HEALTH ALLIANCE - CLINTON HOSPITAL,14201.0,,19660701,,14201.0,220001,1,N,MA,22,1,60 HOSPITAL ROAD,9784662000.0,0,,2,03,1453,25,27,U,49340,20110526.0,20200128.0,1.0,0.0,0.0,0.0,0.0,0.0,0.0,0.0,0.0,0.0,0.0,0.0,0.0,Y,N,N,N,N,,1.0,,,,N,150.0,,,,,,,,,,,,,,150.0,,,N,N,N,0.0,1.0,,,,,,,N,N,,,N,,0.0,,,,930.0,,,,,,,,,,2.0,,Y,,,,,N,,N,,0.0,0.0,0.0,1.0,0.0,0.0,2.0,0.0,0.0,0.0,0.0,0.0,3.0,0.0,,,,,,3.0,,,15.0,19851001.0,Y,1.0,20110122.0,23.0,19891001.0,Y,1.0,20110708.0,,1.0,1.0,,2.0,1.0,,0.0,,,,0.0,0.0,0.0,0.0,0.0,0.0,,,,1.0,1.0,,0.0,0.0,,,,0.0,1.0,1.0,,,,1.0,0.0,0.0,0.0,0.0,0.0,,,,,,,1.0,,,,1.0,0.0,,,,0.0,0.0,2.0,0.0,2.0,1.0,,,,,,,,,1.0,0.0,0.0,1.0,0.0,,,,,,,1.0,,,,,1.0,0.0,0.0,1.0,1.0,0.0,,,0.0,,,,,,,,,,,,,,,,,1.0,0.0,,,,,,,1.0,,,,0.0,,,,1.0,,,,,1.0,,,,,,,1.0,,,,,0.0,,,,,,,,,,0.0,,,,0.0,,,,,,,,,N,,,,,,359.0,,,,,,0.0,,,,4.0,,,,,,,,,,,,,,0.0,,43.1,,,,,,,,4.0,,0.0,,,,,,,0.0,,,,0.0,,,,8.0,,,,,,,,,,,,,,,,,,,,,,,,,,,,,8.0,,0.0,,,,5.0,,,,0.0,,10.0,,,,,,,,,,,0.0,5.0,9.6,181.0,,,,,,,,,,,,,,,,,3.0,,,,,,,,,,,,,,,,,,,,,N,,,,,
1,1.0,1,0,,ATHOL,N,A,170,221303,19980508,Y,ATHOL MEMORIAL HOSPITAL,180.0,,19660701,,200.0,220003,1,N,MA,22,1,2033 MAIN STREET,9782493511.0,7,20051130.0,5,03,1331,25,27,U,49340,19980326.0,20010326.0,1.0,0.0,0.0,0.0,0.0,0.0,0.0,0.0,0.0,0.0,0.0,0.0,0.0,N,N,N,N,N,,1.0,,,,N,27.0,,,,,,,,,,,,,,27.0,,,N,N,N,0.0,1.0,,,,,,,N,N,,,N,,0.0,,,,930.0,,,,,,,,,,4.0,,Y,,,,,N,,N,,0.0,0.0,0.0,0.0,0.0,0.0,0.0,0.0,0.0,0.0,0.0,0.0,0.0,0.0,,,,,,3.0,,,0.0,,N,,,0.0,,N,,,,0.0,2.0,,2.0,1.0,,0.0,,,,0.0,0.0,0.0,0.0,0.0,0.0,,,,1.0,2.0,,0.0,1.0,,,,0.0,1.0,1.0,,,,1.0,0.0,0.0,0.0,0.0,0.0,,,,,,,1.0,,,,1.0,0.0,,,,0.0,0.0,0.0,0.0,2.0,1.0,,,,,,,,,0.0,0.0,0.0,1.0,0.0,,,,,,,1.0,,,,,1.0,0.0,0.0,1.0,1.0,0.0,,,0.0,,,,,,,,,,,,,,,,,1.0,0.0,,,,,,,1.0,,,,0.0,,,,1.0,,,,,1.0,,,,,,,1.0,,,,,0.0,,,,,,,,,,1.0,,,,0.0,,,,,,,,,N,,,,,,102.79,,,,,,0.0,,,,1.0,,,,,,,,,,,,,,0.0,,4.2,,,,,,,,2.1,,0.0,,,,,,,0.0,,,,0.0,,,,1.8,,,,,,,,,,,,,,,,,,,,,,,,,,,,,0.0,,0.0,,,,0.0,,,,0.0,,0.8,,,,,,,,,,,0.0,2.0,5.75,125.9,,,,,,,,,,,,,,,,,1.66,,,,,,,,,,,,,,,,,,,,,N,,,,,
2,1.0,1,0,,SOUTHBRIDGE,N,A,170,,19930823,Y,UMASS MEMORIAL HEALH - HARRINGTON HOSPITAL,52280.0,,19660701,,52280.0,220019,1,N,MA,22,1,100 SOUTH STREET,5087659771.0,0,,2,02,1550,25,27,U,49340,19920801.0,20190312.0,1.0,0.0,0.0,0.0,0.0,0.0,0.0,0.0,0.0,0.0,0.0,0.0,0.0,N,N,N,N,N,,1.0,,,,N,113.0,,,,,,,,,,,,,,113.0,,,N,N,N,0.0,1.0,,22D0069248,,,,,N,N,,,N,,0.0,,,,930.0,,,,,,,,,,4.0,,Y,,,,,N,,N,,0.0,0.0,0.0,0.0,0.0,0.0,0.0,0.0,0.0,0.0,0.0,0.0,0.0,0.0,,,,,,3.0,,,14.0,19851001.0,Y,1.0,20190201.0,0.0,,N,,,,0.0,1.0,,1.0,1.0,,0.0,,,,0.0,0.0,0.0,0.0,0.0,0.0,,,,1.0,1.0,,0.0,1.0,,,,0.0,1.0,2.0,,,,1.0,0.0,0.0,0.0,0.0,0.0,,,,,,,1.0,,,,1.0,0.0,,,,0.0,0.0,0.0,0.0,0.0,1.0,,,,,,,,,1.0,0.0,0.0,1.0,0.0,,,,,,,1.0,,,,,1.0,0.0,0.0,1.0,1.0,0.0,,,0.0,,,,,,,,,,,,,,,,,1.0,0.0,,,,,,,1.0,,,,0.0,,,,1.0,,,,,1.0,,,,,,,1.0,,,,,0.0,,,,,,,,,,0.0,,,,0.0,,,,,,,,,N,,,,,,280.58,,,,,,3.0,,,,0.0,,,,,,,,,,,,,,0.0,,28.6,,,,,,,,5.25,,0.0,,,,,,,0.0,,,,0.0,,,,5.2,,,,,,,,,,,,,,,,,,,,,,,,,,,,,4.05,,0.0,,,,0.0,,,,0.0,,3.95,,,,,,,,,,,0.0,3.0,6.4,93.8,,,,,,,,,,,,,,,,,4.7,,,,,,,,,,,,,,,,,,,,,N,,,,,
3,1.0,1,0,,WEBSTER,N,A,170,,19930909,Y,HUBBARD REGIONAL HOSPITAL,180.0,,19660701,,200.0,220025,1,N,MA,22,1,340 THOMPSON ROAD,5089432600.0,1,20090601.0,2,03,1570,25,27,U,49340,19920601.0,19950601.0,1.0,0.0,0.0,0.0,0.0,0.0,0.0,0.0,0.0,0.0,0.0,0.0,0.0,N,N,N,N,N,,1.0,,,,N,22.0,,,,,,,,,,,,,,22.0,,,N,N,N,0.0,1.0,,,,,,,N,N,,,N,,0.0,,,,930.0,,,,,,,,,,4.0,,Y,,,,,N,,N,,0.0,0.0,0.0,0.0,0.0,0.0,0.0,0.0,0.0,0.0,0.0,0.0,0.0,0.0,,,,,,3.0,,,0.0,,N,,,0.0,,N,,,,0.0,1.0,,1.0,1.0,,0.0,,,,0.0,0.0,0.0,0.0,0.0,0.0,,,,1.0,0.0,,0.0,0.0,,,,0.0,1.0,1.0,,,,1.0,0.0,0.0,0.0,0.0,0.0,,,,,,,1.0,,,,1.0,0.0,,,,0.0,0.0,0.0,0.0,0.0,2.0,,,,,,,,,0.0,0.0,0.0,1.0,0.0,,,,,,,1.0,,,,,1.0,0.0,0.0,1.0,0.0,0.0,,,0.0,,,,,,,,,,,,,,,,,1.0,0.0,,,,,,,1.0,,,,0.0,,,,1.0,,,,,1.0,,,,,,,0.0,,,,,0.0,,,,,,,,,,1.0,,,,0.0,,,,,,,,,N,,,,,,202.0,,,,,,2.0,,,,1.0,,,,,,,,,,,,,,0.0,,18.0,,,,,,,,3.0,,0.0,,,,,,,0.0,,,,0.0,,,,1.0,,,,,,,,,,,,,,,,,,,,,,,,,,,,,0.0,,0.0,,,,0.0,,,,0.0,,1.0,,,,,,,,,,,0.0,2.0,1.0,81.0,,,,,,,,,,,,,,,,,0.0,,,,,,,,,,,,,,,,,,,,,N,,,,,
4,1.0,1,0,,WORCESTER,N,A,170,220163,19881005,Y,"MED CTR CENTRAL MASS-WORCESTER,THE",308.0,,19660701,,200.0,220026,1,N,MA,22,1,119 BELMONT ST,6177936611.0,1,19931001.0,2,03,1605,25,27,U,49340,19871109.0,19901109.0,1.0,0.0,0.0,0.0,0.0,0.0,0.0,0.0,0.0,0.0,0.0,0.0,0.0,Y,N,N,N,N,,1.0,,,,N,438.0,,,,,,,,,,,,,,438.0,,,N,N,N,0.0,1.0,,,,,,,N,N,,,N,,0.0,,,,930.0,,,,,,,,,,1.0,,Y,,,,,N,,N,,0.0,0.0,0.0,0.0,0.0,0.0,0.0,0.0,0.0,0.0,0.0,0.0,0.0,0.0,,,,,,1.0,,,20.0,19851001.0,Y,1.0,19931001.0,0.0,,N,,,,1.0,1.0,,0.0,1.0,,0.0,,,,0.0,0.0,0.0,0.0,0.0,0.0,,,,1.0,1.0,,0.0,1.0,,,,0.0,1.0,1.0,,,,1.0,0.0,0.0,0.0,0.0,0.0,,,,,,,1.0,,,,1.0,0.0,,,,0.0,0.0,1.0,0.0,0.0,1.0,,,,,,,,,1.0,0.0,0.0,1.0,0.0,,,,,,,1.0,,,,,1.0,0.0,0.0,1.0,0.0,0.0,,,0.0,,,,,,,,,,,,,,,,,1.0,0.0,,,,,,,1.0,,,,0.0,,,,1.0,,,,,1.0,,,,,,,1.0,,,,,0.0,,,,,,,,,,1.0,,,,0.0,,,,,,,,,N,,,,,,286.75,,,,,,7.5,,,,10.5,,,,,,,,,,,,,,0.0,,46.0,,,,,,,,10.0,,0.0,,,,,,,0.0,,,,0.0,,,,4.0,,,,,,,,,,,,,,,,,,,,,,,,,,,,,30.0,,0.0,,,,38.0,,,,0.0,,6.0,,,,,,,,,,,0.0,7.75,13.0,351.5,,,,,,,,,,,,,,,,,1.0,,,,,,,,,,,,,,,,,,,,,N,,,,,
5,1.0,1,2,,WORCESTER,N,A,170,220176,20000509,Y,ST VINCENT HOSPITAL,52280.0,,19660701,19960913.0,51070.0,220028,1,N,MA,22,1,123 SUMMER STREET,5083635000.0,1,20041231.0,2,04,1608,25,27,U,49340,19971211.0,20001211.0,1.0,0.0,0.0,0.0,0.0,0.0,0.0,0.0,0.0,0.0,0.0,0.0,0.0,Y,N,Y,N,N,,1.0,,,,N,348.0,,,,,,,,,,,,,,348.0,,,N,N,N,0.0,1.0,,,,,,,N,N,,,N,,0.0,,,,930.0,,,,,,,,,,1.0,,Y,,,,,N,,N,,0.0,0.0,0.0,0.0,0.0,0.0,0.0,0.0,0.0,0.0,0.0,0.0,0.0,0.0,,,,,,3.0,,,27.0,19881001.0,Y,1.0,20041231.0,0.0,,N,,,,1.0,1.0,,1.0,2.0,,0.0,,,,0.0,0.0,1.0,0.0,0.0,0.0,,,,2.0,1.0,,0.0,0.0,,,,1.0,1.0,2.0,,,,1.0,0.0,0.0,0.0,0.0,0.0,,,,,,,1.0,,,,1.0,0.0,,,,0.0,0.0,1.0,0.0,0.0,1.0,,,,,,,,,1.0,0.0,1.0,1.0,0.0,,,,,,,1.0,,,,,1.0,0.0,0.0,1.0,1.0,0.0,,,0.0,,,,,,,,,,,,,,,,,1.0,0.0,,,,,,,1.0,,,,0.0,,,,1.0,,,,,1.0,,,,,,,1.0,,,,,0.0,,,,,,,,,,3.0,,,,0.0,,,,,,,,,N,,,,,,917.0,,,,,,0.0,,,,0.0,,,,,,,,,,,,,,0.0,,50.0,,,,,,,,17.5,,0.0,,,,,,,0.0,,,,0.0,,,,10.0,,,,,,,,,,,,,,,,,,,,,,,,,,,,,12.0,,9.0,,,,740.0,,,,0.0,,162.5,,,,,,,,,,,0.0,9.5,28.0,352.0,,,,,,,,,,,,,,,,,2.75,,,,,,,,,,,,,,,,,,,,,N,,,,,
6,1.0,1,2,19980401.0,WORCESTER,N,A,170,220026,19930831,Y,UMASS MEMORIAL MED CTR-MEMORIAL CAMP,180.0,,19660701,19891001.0,200.0,220057,1,N,MA,22,1,119 BELMONT ST,6177928000.0,1,19991001.0,2,02,1605,25,27,U,49340,19930709.0,19960708.0,1.0,0.0,0.0,0.0,0.0,0.0,0.0,0.0,0.0,0.0,0.0,0.0,0.0,N,N,Y,Y,N,,1.0,,,,N,345.0,,,,,,,,,,,,,,345.0,,,N,N,N,0.0,1.0,,22D0698898,,,,,N,N,,,N,,0.0,,,,930.0,,,,,,,,,,4.0,,Y,,,,,N,,N,,0.0,0.0,0.0,0.0,0.0,0.0,0.0,0.0,0.0,0.0,0.0,0.0,0.0,0.0,,,,,,3.0,,,20.0,19931001.0,Y,1.0,19981231.0,0.0,,N,,,,1.0,1.0,,0.0,2.0,,0.0,,,,0.0,0.0,0.0,0.0,0.0,0.0,,,,1.0,1.0,,0.0,0.0,,,,0.0,1.0,1.0,,,,1.0,0.0,0.0,0.0,0.0,0.0,,,,,,,1.0,,,,1.0,0.0,,,,0.0,0.0,1.0,0.0,0.0,1.0,,,,,,,,,1.0,0.0,0.0,1.0,0.0,,,,,,,1.0,,,,,1.0,0.0,0.0,1.0,1.0,0.0,,,0.0,,,,,,,,,,,,,,,,,1.0,0.0,,,,,,,1.0,,,,0.0,,,,1.0,,,,,1.0,,,,,,,1.0,,,,,0.0,,,,,,,,,,1.0,,,,0.0,,,,,,,,,Y,,,,,,2019.85,,,,,,0.0,,,,10.05,,,,,,,,,,,,,,0.0,,79.0,,,,,,,,28.5,,0.0,,,,,,,0.0,,,,0.0,,,,5.65,,,,,,,,,,,,,,,,,,,,,,,,,,,,,2.0,,1.6,,,,59.2,,,,0.0,,11.3,,,,,,,,,,,0.0,23.85,59.2,1249.2,,,,,,,,,,,,,,,,,1.8,,,,,,,,,,,,,,,,,,,,,N,,,,,
7,1.0,1,1,20171001.0,CLINTON,N,A,170,220001,19930902,Y,CLINTON HOSPITAL ASSOCIATION,14201.0,,19660701,,14201.0,220058,1,N,MA,22,1,201 HIGHLAND STREET,9783683000.0,1,20171001.0,2,03,1510,25,27,U,49340,20110120.0,20200120.0,1.0,0.0,0.0,0.0,0.0,0.0,0.0,0.0,0.0,0.0,0.0,0.0,0.0,N,N,N,N,N,,1.0,,,,N,41.0,,,,,,,,,,,,,,41.0,,,N,N,N,0.0,1.0,,,,,,,N,N,,,N,,0.0,,,,930.0,,,,,,,,,,4.0,,Y,,,,,N,,N,,0.0,0.0,0.0,0.0,0.0,0.0,0.0,0.0,0.0,0.0,0.0,0.0,0.0,0.0,,,,,,3.0,,,20.0,19891001.0,Y,0.0,,0.0,,N,,,,0.0,1.0,,1.0,2.0,,0.0,,,,0.0,0.0,0.0,0.0,0.0,0.0,,,,1.0,0.0,,0.0,0.0,,,,0.0,1.0,1.0,,,,1.0,0.0,0.0,0.0,0.0,0.0,,,,,,,1.0,,,,1.0,0.0,,,,0.0,0.0,0.0,0.0,0.0,2.0,,,,,,,,,0.0,0.0,0.0,1.0,0.0,,,,,,,1.0,,,,,1.0,0.0,0.0,1.0,1.0,0.0,,,0.0,,,,,,,,,,,,,,,,,1.0,0.0,,,,,,,1.0,,,,0.0,,,,1.0,,,,,1.0,,,,,,,1.0,,,,,0.0,,,,,,,,,,0.0,,,,0.0,,,,,,,,,N,,,,,,92.96,,,,,,0.0,,,,1.2,,,,,,,,,,,,,,0.0,,8.8,,,,,,,,2.57,,0.0,,,,,,,0.0,,,,0.0,,,,1.0,,,,,,,,,,,,,,,,,,,,,,,,,,,,,0.0,,0.0,,,,0.0,,,,0.0,,1.0,,,,,,,,,,,0.0,1.0,4.74,51.56,,,,,,,,,,,,,,,,,1.0,,,,,,,,,,,,,,,,,,,,,N,,,,,
8,1.0,1,2,,WORCESTER,N,B,170,,20230817,Y,ADCARE HOSPITAL OF WORCESTER INC,52280.0,,19660701,19861229.0,52280.0,220062,1,N,MA,22,1,107 LINCOLN STREET,5087999000.0,0,,2,04,1605,25,27,U,49340,,,0.0,0.0,0.0,0.0,0.0,0.0,0.0,0.0,0.0,0.0,0.0,0.0,0.0,N,N,N,N,N,,3.0,,,,N,114.0,,,,,,,,,,,,,,114.0,,,N,N,N,0.0,1.0,,22D0069698,,,,,N,N,,,N,,0.0,,,5087950224.0,930.0,,,,,,,,,,4.0,,Y,,,,,N,,N,,0.0,0.0,0.0,0.0,0.0,0.0,0.0,6.0,0.0,0.0,0.0,0.0,6.0,0.0,,,,,,3.0,,,0.0,,N,,,0.0,,N,,,,0.0,0.0,,1.0,0.0,,0.0,,,,0.0,0.0,0.0,0.0,0.0,0.0,,,,3.0,0.0,,2.0,0.0,,,,0.0,0.0,0.0,,,,0.0,0.0,0.0,0.0,0.0,0.0,,,,,,,0.0,,,,0.0,0.0,,,,0.0,0.0,0.0,0.0,0.0,0.0,,,,,,,,,0.0,0.0,0.0,0.0,0.0,,,,,,,0.0,,,,,1.0,3.0,0.0,0.0,0.0,0.0,,,0.0,,,,,,,,,,,,,,,,,0.0,0.0,,,,,,,0.0,,,,0.0,,,,0.0,,,,,1.0,,,,,,,0.0,,,,,0.0,,,,,,,,,,0.0,,,,0.0,,,,,,,,,Y,,,,,,156.25,,,,,,0.0,,,,0.0,,,,,,,,,,,,,,1.25,,15.9,,,,,,,,2.8,,0.0,,,,,,,0.0,,,,0.0,,,,0.0,,,,,,,,,,,,,,,,,,,,,,,,,,,,,0.0,,0.0,,,,0.0,,,,0.0,,0.0,,,,,,,,,,,0.0,1.0,0.0,25.68,,,,,,,,,,,,,,,,,0.0,,,,,,,,,,,,,,,,,,,,,N,,,,,
9,1.0,1,0,,WORCESTER,N,A,170,,19860828,Y,FAIRLAWN HOSPITAL INC,200.0,,19660701,,,220072,1,N,MA,22,1,189 MAY ST,6177916351.0,1,19870930.0,2,03,1602,25,27,U,49340,,,1.0,0.0,0.0,0.0,0.0,0.0,0.0,0.0,0.0,0.0,0.0,0.0,0.0,N,N,N,Y,N,,1.0,,,,N,80.0,,,,,,,,,,,,,,80.0,,,N,N,N,0.0,1.0,,,,,,,N,N,,,N,,0.0,,,,930.0,,,,,,,,,,4.0,,Y,,,,,N,,N,,0.0,0.0,0.0,0.0,0.0,0.0,0.0,0.0,0.0,0.0,0.0,0.0,0.0,0.0,,,,,,3.0,,,0.0,,N,,,0.0,,N,,,,0.0,0.0,,0.0,0.0,,0.0,,,,0.0,0.0,0.0,0.0,0.0,0.0,,,,1.0,0.0,,0.0,0.0,,,,0.0,1.0,0.0,,,,1.0,0.0,0.0,0.0,0.0,0.0,,,,,,,0.0,,,,1.0,0.0,,,,0.0,0.0,0.0,0.0,0.0,1.0,,,,,,,,,0.0,0.0,0.0,1.0,0.0,,,,,,,0.0,,,,,0.0,0.0,0.0,0.0,0.0,0.0,,,0.0,,,,,,,,,,,,,,,,,1.0,0.0,,,,,,,1.0,,,,0.0,,,,1.0,,,,,1.0,,,,,,,0.0,,,,,0.0,,,,,,,,,,0.0,,,,0.0,,,,,,,,,N,,,,,,137.75,,,,,,0.0,,,,0.0,,,,,,,,,,,,,,0.0,,20.75,,,,,,,,1.25,,0.0,,,,,,,0.0,,,,0.0,,,,0.0,,,,,,,,,,,,,,,,,,,,,,,,,,,,,0.0,,0.0,,,,0.0,,,,0.0,,0.25,,,,,,,,,,,0.0,2.0,0.0,65.5,,,,,,,,,,,,,,,,,0.0,,,,,,,,,,,,,,,,,,,,,N,,,,,
10,1.0,1,0,,MILFORD,N,A,170,,20050610,Y,MILFORD REGIONAL MEDICAL CENTER,52280.0,,19660701,,52280.0,220090,1,N,MA,22,1,14 PROSPECT STREET,5084731190.0,0,,2,03,1757,25,27,U,49340,20040409.0,20190326.0,1.0,0.0,0.0,0.0,0.0,0.0,0.0,0.0,0.0,0.0,0.0,0.0,0.0,Y,Y,Y,N,N,,1.0,,,,N,121.0,,,,,,,,,,,,,,121.0,,,N,N,N,0.0,1.0,,22D0070843,22D0979502,,,,N,N,,,N,,0.0,,,,930.0,,,,,,,,,,1.0,,Y,,,,,N,,N,,0.0,0.0,1.0,0.0,0.0,0.0,0.0,0.0,0.0,0.0,0.0,0.0,1.0,0.0,,,,,,3.0,,,14.0,19851001.0,Y,1.0,19930930.0,0.0,,N,,,,2.0,0.0,,0.0,2.0,,0.0,,,,0.0,0.0,0.0,0.0,1.0,0.0,,,,1.0,1.0,,1.0,0.0,,,,0.0,1.0,2.0,,,,1.0,2.0,2.0,0.0,0.0,0.0,,,,,,,1.0,,,,1.0,0.0,,,,2.0,0.0,0.0,0.0,0.0,1.0,,,,,,,,,1.0,1.0,0.0,1.0,1.0,,,,,,,1.0,,,,,1.0,0.0,3.0,1.0,1.0,0.0,,,2.0,,,,,,,,,,,,,,,,,1.0,0.0,,,,,,,3.0,,,,0.0,,,,1.0,,,,,1.0,,,,,,,3.0,,,,,0.0,,,,,,,,,,1.0,,,,0.0,,,,,,,,,Y,,,,,,546.5,,,,,,0.0,,,,0.0,,,,,,,,,,,,,,32.9,,7.8,,,,,,,,3.0,,2.7,,,,,,,4.0,,,,1.7,,,,1.4,,,,,,,,,,,,,,,,,,,,,,,,,,,,,3.0,,0.0,,,,0.0,,,,0.0,,15.6,,,,,,,,,,,40.4,5.6,6.9,240.3,,,,,,,,,,,,,,,,,0.38,,,,,,,,,,,,,,,,,,,,,N,,,,,
11,1.0,1,0,,LEOMINSTER,N,A,170,220001,19930414,Y,HEALTH ALLIANCE HOSP LEOMINSTER CAMPUS,200.0,,19660701,,,220094,1,N,MA,22,1,60 HOSPITAL ROAD,5085374811.0,1,19970301.0,2,02,1453,25,27,U,49340,19900628.0,19930628.0,1.0,0.0,0.0,0.0,0.0,0.0,0.0,0.0,0.0,0.0,0.0,0.0,0.0,N,N,N,N,N,,1.0,,,,N,87.0,,,,,,,,,,,,,,87.0,,,N,N,N,0.0,1.0,,,,,,,N,N,,,N,,0.0,,,,930.0,,,,,,,,,,4.0,,Y,,,,,N,,N,,0.0,0.0,0.0,0.0,0.0,0.0,0.0,0.0,0.0,0.0,0.0,0.0,0.0,0.0,,,,,,3.0,,,0.0,,N,,,0.0,,N,,,,0.0,0.0,,0.0,2.0,,0.0,,,,0.0,0.0,0.0,0.0,0.0,0.0,,,,3.0,0.0,,0.0,0.0,,,,0.0,3.0,1.0,,,,3.0,0.0,0.0,0.0,0.0,0.0,,,,,,,1.0,,,,1.0,0.0,,,,0.0,0.0,0.0,0.0,0.0,1.0,,,,,,,,,1.0,0.0,0.0,1.0,0.0,,,,,,,1.0,,,,,1.0,0.0,0.0,1.0,1.0,0.0,,,0.0,,,,,,,,,,,,,,,,,1.0,0.0,,,,,,,1.0,,,,0.0,,,,1.0,,,,,1.0,,,,,,,1.0,,,,,0.0,,,,,,,,,,3.0,,,,0.0,,,,,,,,,N,,,,,,319.42,,,,,,0.0,,,,2.5,,,,,,,,,,,,,,0.0,,13.6,,,,,,,,2.5,,0.0,,,,,,,0.0,,,,0.0,,,,1.7,,,,,,,,,,,,,,,,,,,,,,,,,,,,,0.0,,0.0,,,,0.0,,,,0.0,,2.5,,,,,,,,,,,0.0,3.0,9.5,111.95,,,,,,,,,,,,,,,,,1.0,,,,,,,,,,,,,,,,,,,,,N,,,,,
12,1.0,1,1,,GARDNER,Y,A,170,,20020828,Y,HEYWOOD HOSPITAL -,14201.0,,19660701,,14201.0,220095,1,N,MA,22,1,242 GREEN STREET,9786323420.0,0,,5,02,1440,25,27,U,49340,20110422.0,20200128.0,1.0,0.0,0.0,0.0,0.0,0.0,0.0,0.0,0.0,0.0,0.0,0.0,0.0,N,N,N,Y,N,,1.0,,,,N,134.0,,,,,,,,,,,,,,134.0,,,N,N,N,0.0,1.0,,22D0650015,,,,,N,N,,,N,,0.0,,,,930.0,,,,,,,,,,2.0,,Y,,,,,N,,N,,0.0,0.0,0.0,0.0,0.0,0.0,0.0,0.0,0.0,0.0,0.0,0.0,0.0,0.0,,,,,,3.0,,,20.0,19851001.0,Y,0.0,,0.0,,N,,,,0.0,1.0,,0.0,2.0,,0.0,,,,0.0,0.0,0.0,0.0,0.0,0.0,,,,1.0,0.0,,0.0,0.0,,,,0.0,1.0,1.0,,,,3.0,0.0,0.0,0.0,0.0,0.0,,,,,,,1.0,,,,1.0,0.0,,,,0.0,0.0,1.0,0.0,0.0,1.0,,,,,,,,,1.0,0.0,0.0,1.0,0.0,,,,,,,2.0,,,,,1.0,0.0,0.0,1.0,1.0,0.0,,,0.0,,,,,,,,,,,,,,,,,1.0,0.0,,,,,,,2.0,,,,0.0,,,,1.0,,,,,1.0,,,,,,,1.0,,,,,0.0,,,,,,,,,,0.0,,,,0.0,,,,,,,,,Y,,,,,,443.19,,,,,,0.0,,,,2.78,,,,,,,,,,,,,,0.0,,9.1,,,,,,,,7.69,,0.0,,,,,,,0.0,,,,0.0,,,,0.0,,,,,,,,,,,,,,,,,,,,,,,,,,,,,1.38,,0.0,,,,0.0,,,,0.0,,0.0,,,,,,,,,,,0.0,3.8,7.5,109.9,,,,,,,,,,,,,,,,,2.46,,,,,,,,,,,,,,,,,,,,,N,,,,,
13,1.0,1,0,,WORCESTER,N,A,170,,19900406,Y,WORCESTER CITY HOSPITAL,200.0,,19660701,,,220115,1,N,MA,22,1,26 QUEEN ST,5087998001.0,1,19911205.0,2,07,1610,25,27,U,49340,19890918.0,19920918.0,1.0,0.0,0.0,0.0,0.0,0.0,0.0,0.0,0.0,0.0,0.0,0.0,0.0,Y,N,N,N,N,,1.0,,,,N,62.0,,,,,,,,,,,,,,62.0,,,N,N,N,0.0,1.0,,,,,,,N,N,,,N,,0.0,,,,630.0,,,,,,,,,,1.0,,Y,,,,,N,,N,,0.0,0.0,0.0,0.0,0.0,0.0,0.0,0.0,0.0,0.0,0.0,0.0,0.0,0.0,,,,,,3.0,,,0.0,,N,,,9.0,19900701.0,Y,1.0,19911205.0,,0.0,1.0,,1.0,2.0,,0.0,,,,1.0,0.0,0.0,0.0,0.0,0.0,,,,1.0,1.0,,0.0,1.0,,,,1.0,1.0,1.0,,,,2.0,0.0,0.0,0.0,0.0,0.0,,,,,,,1.0,,,,1.0,0.0,,,,0.0,0.0,0.0,0.0,0.0,1.0,,,,,,,,,0.0,0.0,1.0,1.0,0.0,,,,,,,1.0,,,,,1.0,0.0,0.0,1.0,1.0,0.0,,,0.0,,,,,,,,,,,,,,,,,1.0,0.0,,,,,,,1.0,,,,0.0,,,,1.0,,,,,1.0,,,,,,,2.0,,,,,0.0,,,,,,,,,,1.0,,,,0.0,,,,,,,,,N,,,,,,532.0,,,,,,1.0,,,,3.0,,,,,,,,,,,,,,0.0,,27.0,,,,,,,,9.0,,0.0,,,,,,,0.0,,,,0.0,,,,3.0,,,,,,,,,,,,,,,,,,,,,,,,,,,,,3.0,,0.0,,,,25.0,,,,0.0,,1.0,,,,,,,,,,,0.0,5.0,13.0,170.0,,,,,,,,,,,,,,,,,0.0,,,,,,,,,,,,,,,,,,,,,N,,,,,
14,1.0,1,4,,WORCESTER,Y,A,170,,19990813,Y,UMASS MEMORIAL MEDICAL CENTER INC,14201.0,,19760429,19980401.0,14201.0,220163,1,N,MA,22,1,55 LAKE AVENUE NORTH,5083341000.0,0,,5,02,1655,25,27,U,49340,20111105.0,20171101.0,1.0,0.0,0.0,0.0,0.0,0.0,0.0,0.0,0.0,0.0,0.0,0.0,0.0,N,N,Y,Y,N,,1.0,,,,N,325.0,,,,,,,,,,,,,,325.0,,,N,N,N,0.0,1.0,,22D0724617,22D0724619,,,,N,N,,,N,,0.0,,,,930.0,,,,,,,,,,1.0,,Y,,,,,N,,N,,0.0,0.0,0.0,0.0,0.0,0.0,0.0,0.0,0.0,0.0,0.0,0.0,0.0,0.0,,,,,,3.0,,,53.0,19851001.0,Y,0.0,,0.0,,N,,,,1.0,1.0,,0.0,1.0,,0.0,,,,1.0,0.0,0.0,0.0,0.0,0.0,,,,1.0,1.0,,0.0,0.0,,,,1.0,1.0,1.0,,,,1.0,0.0,0.0,0.0,0.0,0.0,,,,,,,1.0,,,,1.0,0.0,,,,0.0,0.0,0.0,0.0,1.0,1.0,,,,,,,,,0.0,0.0,0.0,1.0,0.0,,,,,,,1.0,,,,,1.0,0.0,0.0,1.0,1.0,0.0,,,0.0,,,,,,,,,,,,,,,,,1.0,0.0,,,,,,,1.0,,,,0.0,,,,1.0,,,,,1.0,,,,,,,1.0,,,,,0.0,,,,,,,,,,1.0,,,,0.0,,,,,,,,,N,,,,,,1836.25,,,,,,0.0,,,,11.25,,,,,,,,,,,,,,0.0,,35.75,,,,,,,,18.75,,0.0,,,,,,,0.0,,,,0.0,,,,12.0,,,,,,,,,,,,,,,,,,,,,,,,,,,,,11.0,,11.25,,,,0.0,,,,0.0,,14.5,,,,,,,,,,,0.0,12.5,33.0,635.75,,,,,,,,,,,,,,,,,2.0,,,,,,,,,,,,,,,,,,,,,N,,,,,
15,1.0,1,1,,WORCESTER,N,A,170,,20151008,Y,ST VINCENT HOSPITAL,52280.0,,20050101,,52280.0,220176,1,N,MA,22,1,123 SUMMER STREET,5083635000.0,0,,5,04,1608,25,27,U,49340,20100926.0,20180926.0,1.0,0.0,0.0,0.0,0.0,0.0,0.0,0.0,0.0,0.0,0.0,0.0,0.0,Y,N,N,N,Y,,1.0,,,,Y,283.0,,,,,,,,,,,,,,283.0,,,N,N,N,4.0,1.0,,22D0687750,22D0966206,,,,N,N,,,N,,4.0,,,,131.0,,,,,,,,,,2.0,,Y,,,,,N,,N,,0.0,0.0,0.0,0.0,0.0,0.0,6.0,0.0,0.0,0.0,0.0,0.0,6.0,17.0,,,,,,3.0,,,20.0,20050101.0,Y,0.0,,0.0,,N,,,,1.0,1.0,,0.0,2.0,,0.0,,,,0.0,1.0,1.0,1.0,1.0,0.0,,,,2.0,1.0,,1.0,0.0,,,,0.0,1.0,2.0,,,,1.0,1.0,2.0,0.0,0.0,1.0,,,,,,,1.0,,,,1.0,0.0,,,,1.0,0.0,1.0,1.0,0.0,1.0,,,,,,,,,1.0,1.0,0.0,1.0,1.0,,,,,,,1.0,,,,,1.0,0.0,1.0,1.0,1.0,0.0,,,2.0,,,,,,,,,,,,,,,,,1.0,0.0,,,,,,,1.0,,,,1.0,,,,1.0,,,,,1.0,,,,,,,1.0,,,,,1.0,,,,,,,,,,1.0,,,,0.0,,,,,,,,,N,,,,,,1060.0,,,,,,0.0,,,,0.0,,,,,,,,,,,,,,0.0,,3.0,,,,,,,,6.0,,0.0,,,,,,,5.0,,,,0.0,,,,5.0,,,,,,,,,,,,,,,,,,,,,,,,,,,,,2.0,,0.0,,,,103.0,,,,0.0,,23.0,,,,,,,,,,,62.0,16.0,24.0,577.0,,,,,,,,,,,,,,,,,3.0,,,,,,,,,,,,,,,,,,,,,N,,,,,
16,1.0,4,0,,WORCESTER,Y,A,170,,20000125,Y,TCC-ST VINCENT HOSPITAL,52280.0,1123249,19961017,,51070.0,225716,1,N,MA,22,1,25 WINTHROP STREET,5087981116.0,1,20000401.0,2,03,1604,25,27,U,49340,,,,,,,,,,,,,,,,,,,,,,,,,,N,33.0,,0.0,33.0,0.0,0.0,0.0,0.0,0.0,0.0,0.0,0.0,0.0,0.0,33.0,,,,,,,,,,,,,,,N,N,N,N,N,,,N,,930.0,,,,,,,Y,,,,,,,TENET HEALTHCARE CORP,Y,,,,,,,,,,,,,,,,,,,,N,N,,,,1.0,,,,,,,,,,,,,220028.0,,,,,,,,N,N,Y,,,,,,,N,N,Y,,,,,,N,N,Y,,,,N,N,Y,,,,,,,,,,N,N,Y,,,,,,,N,N,Y,,,,,,,,,,,N,N,Y,,,,,,,,,,,,,,N,N,Y,,,,,,,,,,,N,N,Y,,,,,N,N,Y,N,N,Y,N,N,Y,,,,,,,,,,N,N,Y,,,,,,,,,,,N,N,Y,,,,,N,N,Y,,,N,N,Y,N,N,Y,N,N,Y,,N,N,Y,,,N,N,N,N,N,Y,,N,0.0,0.0,0.69,,,,0.0,9.86,3.04,,,,0.0,0.0,0.0,,0.69,0.0,0.0,,0.0,0.0,0.0,,,,1.6,0.0,0.0,,,,0.0,0.0,5.37,,0.03,0.0,0.0,,,,0.0,0.0,0.0,0.0,0.0,0.0,,0.0,0.0,0.0,,0.0,0.0,0.0,,2.4,0.0,0.0,0.0,0.0,0.0,0.8,0.0,0.0,,0.0,0.0,0.0,0.0,0.0,0.0,0.0,0.0,0.0,0.0,0.0,1.14,0.09,0.0,0.0,2.16,0.0,0.0,,,,0.0,0.0,0.0,,0.0,0.0,0.0,,,,,0.63,0.0,0.0,1.97,0.0,0.0,0.0,1.14,0.0,,,,,0.0,0.0,7.31,,0.0,1.14,0.0,,0.0,1.14,0.0,,0.21,0.0,0.0,,,,,0.0,0.0,0.0,,,,,,,,,,,,,,,,,,,,,
17,5.0,1,2,,WORCESTER,Y,A,170,,20000622,Y,"FAIRLAWN REHAB HOSP, AN AFFILIATE OF ENCOMPASS HLT",14201.0,,19871216,,14201.0,223029,1,N,MA,22,1,189 MAY STREET,5087916351.0,0,,5,04,1602,25,27,U,49340,20000510.0,20180820.0,1.0,0.0,0.0,0.0,0.0,0.0,0.0,0.0,0.0,0.0,0.0,0.0,0.0,N,N,N,Y,N,,1.0,,,,N,110.0,,,,,,,,,,,,,,110.0,,,N,N,N,0.0,5.0,,,,,,,N,N,,,N,,0.0,,,,930.0,,,,,,,,,,2.0,,Y,,,,,N,,N,,0.0,0.0,0.0,0.0,0.0,0.0,0.0,0.0,0.0,0.0,0.0,0.0,0.0,0.0,,,,,,1.0,,,0.0,,N,,,0.0,,N,,,,0.0,0.0,,0.0,0.0,,0.0,,,,0.0,0.0,0.0,0.0,0.0,0.0,,,,2.0,0.0,,0.0,0.0,,,,0.0,3.0,1.0,,,,0.0,0.0,0.0,0.0,0.0,0.0,,,,,,,0.0,,,,0.0,0.0,,,,0.0,0.0,0.0,0.0,0.0,0.0,,,,,,,,,0.0,0.0,0.0,0.0,0.0,,,,,,,1.0,,,,,1.0,0.0,0.0,0.0,0.0,0.0,,,0.0,,,,,,,,,,,,,,,,,0.0,0.0,,,,,,,1.0,,,,0.0,,,,1.0,,,,,1.0,,,,,,,1.0,,,,,0.0,,,,,,,,,,0.0,,,,0.0,,,,,,,,,Y,,,,,,186.5,,,,,,0.0,,,,1.2,,,,,,,,,,,,,,0.0,,4.0,,,,,,,,1.4,,0.0,,,,,,,0.0,,,,0.0,,,,11.19,,,,,,,,,,,,,,,,,,,,,,,,,,,,,0.0,,0.0,,,,0.0,,,,0.0,,13.16,,,,,,,,,,,0.0,8.0,8.75,37.4,,,,,,,,,,,,,,,,,6.8,,,,,,,,,,,,,,,,,,,,,N,,,,,
18,5.0,1,0,,WESTBOROUGH,Y,B,170,,20010725,Y,WHITTIER REHABILTATION HOSPITAL,180.0,,19971007,,,223033,1,N,MA,22,1,150 FLANDERS ROAD,5088712063.0,1,20050930.0,5,04,1581,25,27,U,49340,20010509.0,20040509.0,1.0,0.0,0.0,0.0,0.0,0.0,0.0,0.0,0.0,0.0,0.0,0.0,0.0,N,N,N,N,N,,1.0,,,,N,74.0,,,,,,,,,,,,,,88.0,,,N,N,Y,0.0,5.0,,,,,,,N,N,,,N,,0.0,,,,930.0,,,,,,,,,,4.0,,Y,,,,,N,,N,,0.0,0.0,0.0,0.0,0.0,0.0,0.0,0.0,0.0,0.0,0.0,0.0,0.0,0.0,,,,,,3.0,,,0.0,,N,,,0.0,,N,,,,2.0,2.0,,0.0,0.0,,0.0,,,,0.0,0.0,0.0,0.0,0.0,0.0,,,,3.0,0.0,,0.0,0.0,,,,0.0,1.0,1.0,,,,0.0,0.0,0.0,0.0,0.0,0.0,,,,,,,0.0,,,,0.0,0.0,,,,0.0,0.0,0.0,0.0,0.0,0.0,,,,,,,,,0.0,0.0,0.0,0.0,0.0,,,,,,,1.0,,,,,1.0,0.0,0.0,0.0,1.0,0.0,,,0.0,,,,,,,,,,,,,,,,,0.0,0.0,,,,,,,1.0,,,,0.0,,,,1.0,,,,,1.0,,,,,,,1.0,,,,,0.0,,,,,,,,,,0.0,,,,0.0,,,,,,,,,N,,,,,,102.25,,,,,,0.0,,,,0.5,,,,,,,,,,,,,,0.0,,10.75,,,,,,,,1.0,,0.0,,,,,,,0.0,,,,0.0,,,,7.25,,,,,,,,,,,,,,,,,,,,,,,,,,,,,2.5,,0.0,,,,0.0,,,,0.0,,7.5,,,,,,,,,,,0.0,1.5,4.25,25.25,,,,,,,,,,,,,,,,,3.25,,,,,,,,,,,,,,,,,,,,,N,,,,,
19,11.0,1,2,,ATHOL,N,B,170,,20150709,Y,ATHOL MEMORIAL HOSPITAL,14201.0,,20051201,,14201.0,221303,1,N,MA,22,1,2033 MAIN STREET,9782493511.0,0,,5,02,1331,25,27,U,49340,20120609.0,20180606.0,1.0,0.0,0.0,0.0,0.0,0.0,0.0,0.0,0.0,0.0,0.0,0.0,0.0,N,N,N,N,N,,1.0,,,,Y,25.0,,,,,,,,,,,,,,25.0,,,N,N,Y,0.0,11.0,,22D0068438,,,,,N,N,,,N,,0.0,,,,930.0,,,,,,,,,,2.0,,Y,,,,,N,,N,,0.0,0.0,0.0,0.0,0.0,0.0,0.0,0.0,0.0,0.0,0.0,0.0,0.0,2.0,,,,,,3.0,,,0.0,,N,,,0.0,,N,,,,0.0,0.0,,0.0,1.0,,0.0,,,,0.0,0.0,0.0,2.0,1.0,0.0,,,,1.0,0.0,,1.0,0.0,,,,0.0,1.0,1.0,,,,1.0,2.0,0.0,0.0,0.0,0.0,,,,,,,1.0,,,,0.0,0.0,,,,2.0,0.0,0.0,0.0,0.0,0.0,,,,,,,,,0.0,1.0,0.0,1.0,1.0,,,,,,,2.0,,,,,1.0,0.0,2.0,1.0,0.0,0.0,,,0.0,,,,,,,,,,,,,,,,,1.0,0.0,,,,,,,2.0,,,,0.0,,,,1.0,,,,,1.0,,,,,,,2.0,,,,,0.0,,,,,,,,,,0.0,,,,0.0,,,,,,,,,Y,,,,,,0.0,,,,,,0.0,,,,0.0,,,,,,,,,,,,,,1.6,,0.0,,,,,,,,1.6,,4.1,,,,,,,0.0,,,,0.0,,,,0.0,,,,,,,,,,,,,,,,,,,,,,,,,,,,,1.0,,0.0,,,,0.0,,,,0.0,,0.0,,,,,,,,,,,5.6,1.0,3.8,0.0,,,,,,,,,,,,,,,,,0.0,,,,,,,,,,,,,,,,,,,,,Y,1.0,,,,
20,20.0,1,2,,WORCESTER,N,A,170,,20230607,Y,UNIVERSITY OF MASS MEMORIAL MED CTR - TRANSPLANT,14201.0,,20090205,,14201.0,229805,1,N,MA,22,1,55 LAKE AVENUE NORTH,5083347177.0,0,,2,,1655,25,27,U,49340,,,0.0,0.0,0.0,0.0,0.0,0.0,0.0,0.0,0.0,0.0,0.0,0.0,0.0,N,N,N,N,N,,,,,,N,0.0,,,,,,,,,,,,,,0.0,,,N,N,N,0.0,,,,,,,,N,N,,,N,,0.0,,,5083342017.0,930.0,,,,,,,,,,,,Y,,,,,N,,N,,0.0,0.0,0.0,0.0,0.0,0.0,0.0,0.0,0.0,0.0,0.0,0.0,0.0,0.0,,,,,,,,,0.0,,N,,,0.0,,N,,,,,,,,,,,,,,,,,,,,,,,,,,,,,,,,,,,,,,,,,,,,,,,,,,,,,,,,,,,,,,,,,,,,,,,,,,,,,,,,,,,,,,,,,,,,,,,,,,,,,,,,,,,,,,,,,,,,,,,,,,,,,,,,,,,,,,,,,,,,,,,,,,,,,,,,,,,,,,,,,,,,,,,,,N,,,,,,0.0,,,,,,0.0,,,,0.0,,,,,,,,,,,,,,0.0,,0.0,,,,,,,,0.0,,0.0,,,,,,,0.0,,,,0.0,,,,0.0,,,,,,,,,,,,,,,,,,,,,,,,,,,,,0.0,,0.0,,,,0.0,,,,0.0,,0.0,,,,,,,,,,,0.0,0.0,0.0,0.0,,,,,,,,,,,,,,,,,0.0,,,,,,,,,,,,,,,,,,,,,N,,,,,
